Time,V(V),
0,0,
1e-15,0,
0.001,0,
0.002,0,
0.003,0,
0.004,0,
0.005,0,
0.006,0,
0.007,0,
0.008,0,
0.009,0,
0.01,0,
0.011,0,
0.012,0,
0.0125,0,
0.012500000000001,0.07462637558812658,
0.013500000000001,0.21948936836910107,
0.014500000000001,0.36009171246070876,
0.015500000000001,0.4965587202488509,
0.016500000000001,0.6290120184848684,
0.017500000000001,0.7575696566858563,
0.018500000000001,0.8823462123467556,
0.019500000000001,1.0034528930579902,
0.020500000000001,1.1209976356196658,
0.021500000000001,1.2350852022406607,
0.022500000000001,1.3458172739083534,
0.023500000000001,1.4532925410121975,
0.024500000000001,1.557606791301915,
0.025,1.557606791301915,
0.025000000000001,1.5343590814166632,
0.026000000000001,1.4892311651438006,
0.027000000000001,1.4454305319377223,
0.028000000000001,1.4029181443137648,
0.029000000000001,1.3616561129411497,
0.030000000000001,1.3216076628739697,
0.031000000000001,1.2827371007753745,
0.032000000000001,1.2450097831057465,
0.033000000000001,1.2083920852465102,
0.034000000000001,1.1728513715320614,
0.035000000000001,1.138355966163103,
0.036000000000001,1.1048751249754647,
0.037000000000001,1.0723790080392486,
0.0375,1.0723790080392486,
0.037500000000001,1.1309998319018837,
0.038500000000001,1.2447932181828034,
0.039500000000001,1.3552397618173788,
0.040500000000001,1.4624378987170936,
0.041500000000001,1.566483169638298,
0.042500000000001,1.667468305333279,
0.043500000000001,1.7654833091969033,
0.044500000000001,1.8606155374824942,
0.045500000000001,1.952949777158431,
0.046500000000001,2.042568321474865,
0.047500000000001,2.1295510433078984,
0.048500000000001,2.213975466346596,
0.049500000000001,2.2959168341862735,
0.05,2.2959168341862735,
0.050000000000001,2.261649643788872,
0.051000000000001,2.195130967033481,
0.052000000000001,2.130568709288188,
0.053000000000001,2.0679053291897267,
0.054000000000001,2.00708497775692,
0.055000000000001,1.9480534486150547,
0.056000000000001,1.8907581296842393,
0.057000000000001,1.835147956288685,
0.058000000000001,1.7811733656451139,
0.059000000000001,1.7287862526897357,
0.060000000000001,1.6779399272044224,
0.061000000000001,1.6285890722038705,
0.062000000000001,1.5806897035466605,
0.0625,1.5806897035466605,
0.062500000000001,1.6317238504336198,
0.063500000000001,1.7307901549917604,
0.064500000000001,1.8269427635632787,
0.065500000000001,1.920267372534451,
0.066500000000001,2.010847157825915,
0.067500000000001,2.0987628490235286,
0.068500000000001,2.1840928013289314,
0.069500000000001,2.266913065393919,
0.070500000000001,2.3472974551008843,
0.071500000000001,2.425317613349727,
0.072500000000001,2.501043075909867,
0.073500000000001,2.5745413333942677,
0.074500000000001,2.645877891410709,
0.075,2.645877891410709,
0.075000000000001,2.60638743595378,
0.076000000000001,2.5297294779771087,
0.077000000000001,2.4553261512344937,
0.078000000000001,2.38311114347166,
0.079000000000001,2.313020092782131,
0.080000000000001,2.244990530244433,
0.081000000000001,2.1789618242464215,
0.082000000000001,2.114875126447125,
0.083000000000001,2.0526733193279294,
0.084000000000001,1.9923009652863695,
0.085000000000001,1.9337042572271488,
0.086000000000001,1.8768309706063575,
0.087000000000001,1.8216304168861437,
0.0875,1.8216304168861437,
0.087500000000001,1.869068457339476,
0.088500000000001,1.961154083334178,
0.089500000000001,2.0505313260891587,
0.090500000000001,2.1372798434195652,
0.091500000000001,2.2214769502787886,
0.092500000000001,2.303197687665716,
0.093500000000001,2.3825148895053134,
0.094500000000001,2.4594992475621433,
0.095500000000001,2.534219374444677,
0.096500000000001,2.6067418647565455,
0.097500000000001,2.677131354449243,
0.098500000000001,2.745450578429165,
0.099500000000001,2.811760426470343,
0.1,2.811760426470343,
0.100000000000001,2.7697941285404415,
0.101000000000001,2.688330122467996,
0.102000000000001,2.6092621010707253,
0.103000000000001,2.532519594667104,
0.104000000000001,2.4580342061998888,
0.105000000000001,2.385739550276972,
0.106000000000001,2.3155711940051464,
0.107000000000001,2.2474665995640364,
0.108000000000001,2.1813650684690225,
0.109000000000001,2.1172076874734818,
0.110000000000001,2.0549372760621267,
0.111000000000001,1.9944983354886507,
0.112000000000001,1.9358369993122508,
0.1125,1.9358369993122508,
0.112500000000001,1.9815704751026306,
0.113500000000001,2.0703472396322207,
0.114500000000001,2.156512939747236,
0.115500000000001,2.2401443709629576,
0.116500000000001,2.3213160701176565,
0.117500000000001,2.400100381803838,
0.118500000000001,2.4765675228456443,
0.119500000000001,2.5507856448798703,
0.120500000000001,2.6228208950963743,
0.121500000000001,2.6927374751920206,
0.122500000000001,2.7605976985906877,
0.123500000000001,2.8264620459803536,
0.124500000000001,2.8903892192167424,
0.125,2.8903892192167424,
0.125000000000001,2.8472493649229347,
0.126000000000001,2.763507278403286,
0.127000000000001,2.682228178491364,
0.128000000000001,2.603339624873321,
0.129000000000001,2.526771307818987,
0.130000000000001,2.452454985518053,
0.131000000000001,2.38032442325929,
0.132000000000001,2.3103153343986076,
0.133000000000001,2.2423653230633285,
0.134000000000001,2.176413828541629,
0.135000000000001,2.1124020713075637,
0.136000000000001,2.0502730006335903,
0.137000000000001,1.9899712437438828,
0.1375,1.9899712437438828,
0.137500000000001,2.0348967510428357,
0.138500000000001,2.122105105840363,
0.139500000000001,2.206748525622833,
0.140500000000001,2.288902449167261,
0.141500000000001,2.3686400964774603,
0.142500000000001,2.4460325340416547,
0.143500000000001,2.5211487381707616,
0.144500000000001,2.5940556564738007,
0.145500000000001,2.6648182675252055,
0.146500000000001,2.7334996387772357,
0.147500000000001,2.800160982769085,
0.148500000000001,2.864861711682799,
0.149500000000001,2.927659490294608,
0.15,2.927659490294608,
0.150000000000001,2.8839633669512548,
0.151000000000001,2.7991414638295846,
0.152000000000001,2.716814306421966,
0.153000000000001,2.6369085203292313,
0.154000000000001,2.559352889208813,
0.155000000000001,2.484078291302901,
0.156000000000001,2.4110176378334085,
0.157000000000001,2.340105813208835,
0.158000000000001,2.271279616989744,
0.159000000000001,2.2044777075611273,
0.160000000000001,2.1396405474614473,
0.161000000000001,2.0767103503196473,
0.162000000000001,2.0156310293528223,
0.1625,2.0156310293528223,
0.162500000000001,2.0601735572921025,
0.163500000000001,2.146638481422143,
0.164500000000001,2.2305603360035104,
0.165500000000001,2.3120139167154297,
0.166500000000001,2.3910718193784417,
0.167500000000001,2.467804504655709,
0.168500000000001,2.5422803608513593,
0.169500000000001,2.6145657648618257,
0.170500000000001,2.684725141334511,
0.171500000000001,2.752821020086512,
0.172500000000001,2.818914091834556,
0.173500000000001,2.8830632622858383,
0.174500000000001,2.945325704637968,
0.175,2.945325704637968,
0.175000000000001,2.9013659081852534,
0.176000000000001,2.8160321689274053,
0.177000000000001,2.733208229290206,
0.178000000000001,2.652820272115394,
0.179000000000001,2.5747966513235503,
0.180000000000001,2.499067828059251,
0.181000000000001,2.425566308714291,
0.182000000000001,2.354226584773745,
0.183000000000001,2.284985074431248,
0.184000000000001,2.217780065921463,
0.185000000000001,2.152551662519229,
0.186000000000001,2.0892417291563756,
0.187000000000001,2.027793840608613,
0.1875,2.027793840608613,
0.187500000000001,2.072154835243697,
0.188500000000001,2.158267371125908,
0.189500000000001,2.2418472017526136,
0.190500000000001,2.3229688179728587,
0.191500000000001,2.4017045197425397,
0.192500000000001,2.4781244805620206,
0.193500000000001,2.5522968100185404,
0.194500000000001,2.6242876144891443,
0.195500000000001,2.694161056058252,
0.196500000000001,2.761979409702364,
0.197500000000001,2.827803118792876,
0.198500000000001,2.8916908489664683,
0.199500000000001,2.953699540411086,
0.2,2.953699540411086,
0.200000000000001,2.909614762155668,
0.201000000000001,2.824038411115589,
0.202000000000001,2.7409789952906416,
0.203000000000001,2.660362487653496,
0.204000000000001,2.5821170384282444,
0.205000000000001,2.5061729110540094,
0.206000000000001,2.4324624200319613,
0.207000000000001,2.3609198706003545,
0.208000000000001,2.2914815001838167,
0.209000000000001,2.2240854215647032,
0.210000000000001,2.1586715677258765,
0.211000000000001,2.0951816383157427,
0.212000000000001,2.033559047687835,
0.2125,2.033559047687835,
0.212500000000001,2.0778339950211517,
0.213500000000001,2.1637794978730627,
0.214500000000001,2.2471972081738656,
0.215500000000001,2.3281614722822344,
0.216500000000001,2.4067444499133837,
0.217500000000001,2.4830161784516958,
0.218500000000001,2.557044635371812,
0.219500000000001,2.6288957988238204,
0.220500000000001,2.6986337064365395,
0.221500000000001,2.7663205123913044,
0.222500000000001,2.832016542817121,
0.223500000000001,2.895780349556564,
0.224500000000001,2.957668762350334,
0.225,2.957668762350334,
0.225000000000001,2.9135247423654693,
0.226000000000001,2.827833392651564,
0.227000000000001,2.7446623604448406,
0.228000000000001,2.6639375192394352,
0.229000000000001,2.5855869227067267,
0.230000000000001,2.509540740572891,
0.231000000000001,2.435731196382396,
0.232000000000001,2.364092507091976,
0.233000000000001,2.2945608244412337,
0.234000000000001,2.2270741780476344,
0.235000000000001,2.1615724201751596,
0.236000000000001,2.0979971721274024,
0.237000000000001,2.0362917722173295,
0.2375,2.0362917722173295,
0.237500000000001,2.0805259328852226,
0.238500000000001,2.1663922616063758,
0.239500000000001,2.249733126412258,
0.240500000000001,2.3306228051726965,
0.241500000000001,2.4091333911284254,
0.242500000000001,2.4853348571444642,
0.243500000000001,2.5592951180737082,
0.244500000000001,2.6310800912863033,
0.245500000000001,2.7007537554187597,
0.246500000000001,2.7683782073951613,
0.247500000000001,2.834013717771288,
0.248500000000001,2.8977187844509853,
0.249500000000001,2.9595501848226466,
0.25,2.9595501848226466,
0.250000000000001,2.9153780840897707,
0.251000000000001,2.82963222467786,
0.252000000000001,2.74640828598917,
0.253000000000001,2.665632094364728,
0.254000000000001,2.587231657709653,
0.255000000000001,2.5111371013299175,
0.256000000000001,2.437280605656255,
0.257000000000001,2.3655963457997067,
0.258000000000001,2.2960204328849327,
0.259000000000001,2.228490857109003,
0.260000000000001,2.1629474324749203,
0.261000000000001,2.0993317431506138,
0.262000000000001,2.037587091405605,
0.2625,2.037587091405605,
0.262500000000001,2.081801919078248,
0.263500000000001,2.1676307190365574,
0.264500000000001,2.2509351588595954,
0.265500000000001,2.3317894839532833,
0.266500000000001,2.410265756049261,
0.267500000000001,2.4864339174301873,
0.268500000000001,2.5603618532660724,
0.269500000000001,2.6321154521171968,
0.270500000000001,2.7017586646575498,
0.271500000000001,2.7693535606711137,
0.272500000000001,2.8349603843718025,
0.273500000000001,2.8986376080963505,
0.274500000000001,2.9604419844180097,
0.275,2.9604419844180097,
0.275000000000001,2.9162565733308226,
0.276000000000001,2.830484876167243,
0.277000000000001,2.7472358596558393,
0.278000000000001,2.6664353277869326,
0.279000000000001,2.588011266772303,
0.280000000000001,2.511893780862622,
0.281000000000001,2.4380150300525893,
0.282000000000001,2.36630916961827,
0.283000000000001,2.2967122914327254,
0.284000000000001,2.229162367007646,
0.285000000000001,2.1635991922102216,
0.286000000000001,2.099964333605972,
0.287000000000001,2.038201076379724,
0.2875,2.038201076379724,
0.287500000000001,2.0824067401577104,
0.288500000000001,2.1682177513758445,
0.289500000000001,2.2515049256535633,
0.290500000000001,2.332342493008802,
0.291500000000001,2.4108025002378017,
0.292500000000001,2.4869548751270956,
0.293500000000001,2.5608674887769207,
0.294500000000001,2.632606216091601,
0.295500000000001,2.70223499449081,
0.296500000000001,2.769815880894046,
0.297500000000001,2.835409107029103,
0.298500000000001,2.899073133113833,
0.299500000000001,2.960864699959039,
0.3,2.960864699959039,
0.300000000000001,2.9166729797261066,
0.301000000000001,2.8308890353948537,
0.302000000000001,2.747628131924259,
0.303000000000001,2.666816062710346,
0.304000000000001,2.588380803682192,
0.305000000000001,2.5122524491101927,
0.306000000000001,2.4383631493023135,
0.307000000000001,2.3666470501327828,
0.308000000000001,2.2970402343493483,
0.309000000000001,2.229480664606779,
0.310000000000001,2.1639081281758377,
0.311000000000001,2.100264183278452,
0.312000000000001,2.038492107001254,
0.3125,2.038492107001254,
0.312500000000001,2.0826934270671464,
0.313500000000001,2.1684960063719156,
0.314500000000001,2.2517749967321166,
0.315500000000001,2.3326046208717366,
0.316500000000001,2.4110569185075943,
0.317500000000001,2.4872018105550184,
0.318500000000001,2.561107161445135,
0.319500000000001,2.632838839609303,
0.320500000000001,2.7024607761846147,
0.321500000000001,2.7700350219927663,
0.322500000000001,2.8356218028430957,
0.323500000000001,2.8992795732090686,
0.324500000000001,2.9610650683260555,
0.325,2.9610650683260555,
0.325000000000001,2.9168703575401205,
0.326000000000001,2.831080608016606,
0.327000000000001,2.7478140700935945,
0.328000000000001,2.6669965321453812,
0.329000000000001,2.5885559652270125,
0.330000000000001,2.5124224588782074,
0.331000000000001,2.4385281588153878,
0.332000000000001,2.3668072064562873,
0.333000000000001,2.297195680223229,
0.334000000000001,2.229631538572776,
0.335000000000001,2.1640545647009595,
0.336000000000001,2.100406312874821,
0.337000000000001,2.0386300563424253,
0.3375,2.0386300563424253,
0.337500000000001,2.0828293174764485,
0.338500000000001,2.168627900030335,
0.339500000000001,2.251903011190389,
0.340500000000001,2.3327288702232454,
0.341500000000001,2.411177513490058,
0.342500000000001,2.487318858649184,
0.343500000000001,2.56122076697057,
0.344500000000001,2.632949103817375,
0.345500000000001,2.702567797348728,
0.346500000000001,2.770138895495949,
0.347500000000001,2.8357226212630118,
0.348500000000001,2.8993774264005268,
0.349500000000001,2.9611600435010934,
0.35,2.9611600435010934,
0.350000000000001,2.9169639151845406,
0.351000000000001,2.831171413983408,
0.352000000000001,2.747902205313948,
0.353000000000001,2.667082075170144,
0.354000000000001,2.5886389922967386,
0.355000000000001,2.512503043991095,
0.356000000000001,2.438606373793233,
0.357000000000001,2.3668831210084926,
0.358000000000001,2.297269362008935,
0.359000000000001,2.2297030532611597,
0.360000000000001,2.164123976029765,
0.361000000000001,2.1004736827071655,
0.362000000000001,2.038695444721934,
0.3625,2.038695444721934,
0.362500000000001,2.0828937299164036,
0.363500000000001,2.1686904179990205,
0.364500000000001,2.2519636904071874,
0.365500000000001,2.3327877647687445,
0.366500000000001,2.41123467585425,
0.367500000000001,2.487374339778249,
0.368500000000001,2.5612746163122804,
0.369500000000001,2.6330013693651657,
0.370500000000001,2.7026185256844713,
0.371500000000001,2.770188131831472,
0.372500000000001,2.8357704094803897,
0.373500000000001,2.8994238090911937,
0.374500000000001,2.961205062003803,
0.375,2.961205062003803,
0.375000000000001,2.9170082617737125,
0.376000000000001,2.831214456269573,
0.377000000000001,2.7479439816587115,
0.378000000000001,2.667122622806836,
0.379000000000001,2.5886783473635973,
0.380000000000001,2.512541241563477,
0.381000000000001,2.438643447914873,
0.382000000000001,2.366919104721846,
0.383000000000001,2.297304287384626,
0.384000000000001,2.2297369514265655,
0.385000000000001,2.1641568771967576,
0.386000000000001,2.100505616199037,
0.387000000000001,2.038726438999534,
0.3875,2.038726438999534,
0.387500000000001,2.082924261595883,
0.388500000000001,2.1687200516937373,
0.389500000000001,2.2519924525282873,
0.390500000000001,2.33281568095058,
0.391500000000001,2.411261770977227,
0.392500000000001,2.487400637991,
0.393500000000001,2.561300141053191,
0.394500000000001,2.63302614338326,
0.395500000000001,2.7026425710596893,
0.396500000000001,2.7702114699943476,
0.397500000000001,2.835793061231151,
0.398500000000001,2.899445794618303,
0.399500000000001,2.9612264009019467,
0.4,2.9612264009019467,
0.400000000000001,2.9170292821829302,
0.401000000000001,2.831234858435461,
0.402000000000001,2.74796378376478,
0.403000000000001,2.667141842501789,
0.404000000000001,2.5886970017770623,
0.405000000000001,2.512559347321272,
0.406000000000001,2.438661021153826,
0.407000000000001,2.366936161104174,
0.408000000000001,2.2973208421118962,
0.409000000000001,2.229753019253243,
0.410000000000001,2.1641724724433553,
0.411000000000001,2.1005207527648793,
0.412000000000001,2.038741130375144,
0.4125,2.038741130375144,
0.412500000000001,2.08293873369867,
0.413500000000001,2.1687340981491965,
0.414500000000001,2.2520060858553768,
0.415500000000001,2.3328289133000557,
0.416500000000001,2.4112746141424717,
0.417500000000001,2.487413103418535,
0.418500000000001,2.5613122398528767,
0.419500000000001,2.6330378863381987,
0.420500000000001,2.702653968635835,
0.421500000000001,2.770222532349835,
0.422500000000001,2.8358037982253466,
0.423500000000001,2.8994562158205945,
0.424500000000001,2.961236515600271,
0.425,2.961236515600271,
0.425000000000001,2.9170392459166,
0.426000000000001,2.831244529120037,
0.427000000000001,2.747973170019297,
0.428000000000001,2.6671509526917827,
0.429000000000001,2.588705844022025,
0.430000000000001,2.51256792950189,
0.431000000000001,2.4386693509189996,
0.432000000000001,2.36694424587784,
0.433000000000001,2.29732868909964,
0.434000000000001,2.229760635448723,
0.435000000000001,2.1641798646345354,
0.436000000000001,2.1005279275400786,
0.437000000000001,2.0387480941289082,
0.4375,2.0387480941289082,
0.437500000000001,2.082945593516494,
0.438500000000001,2.1687407562089778,
0.439500000000001,2.2520125480911375,
0.440500000000001,2.3328351854712888,
0.441500000000001,2.411280701839274,
0.442500000000001,2.48741901206659,
0.443500000000001,2.5613179747182895,
0.444500000000001,2.6330434525321906,
0.445500000000001,2.7026593711192985,
0.446500000000001,2.770227775937754,
0.447500000000001,2.83580888759109,
0.448500000000001,2.8994611555000787,
0.449500000000001,2.9612413099960047,
0.45,2.9612413099960047,
0.450000000000001,2.9170439687546574,
0.451000000000001,2.831249113051991,
0.452000000000001,2.747977619130595,
0.453000000000001,2.6671552709477124,
0.454000000000001,2.5887100352712493,
0.455000000000001,2.5125719974798755,
0.456000000000001,2.4386732992513482,
0.457000000000001,2.3669480780835177,
0.458000000000001,2.2973324085941154,
0.459000000000001,2.2297642455470097,
0.460000000000001,2.164183368554147,
0.461000000000001,2.1005313284038984,
0.462000000000001,2.038751394967969,
0.4625,2.038751394967969,
0.462500000000001,2.082948845089623,
0.463500000000001,2.1687439121482224,
0.464500000000001,2.25201561120924,
0.465500000000001,2.3328381584982654,
0.466500000000001,2.411283587424846,
0.467500000000001,2.487421812782548,
0.468500000000001,2.5613206930607815,
0.469500000000001,2.6330460909239504,
0.470500000000001,2.702661931911803,
0.471500000000001,2.7702302614133187,
0.472500000000001,2.835811299964906,
0.473500000000001,2.899463496922183,
0.474500000000001,2.9612435825531986,
0.475,2.9612435825531986,
0.475000000000001,2.91704620739331,
0.476000000000001,2.831251285848756,
0.477000000000001,2.747979728021987,
0.478000000000001,2.6671573178132886,
0.479000000000001,2.588712021935286,
0.480000000000001,2.5125739257129953,
0.481000000000001,2.438675170772096,
0.482000000000001,2.3669498945598937,
0.483000000000001,2.297334171645061,
0.484000000000001,2.2297659567438513,
0.485000000000001,2.1641850294219958,
0.486000000000001,2.1005329404230086,
0.487000000000001,2.038752959575059,
0.4875,2.038752959575059,
0.487500000000001,2.0829503863445225,
0.488500000000001,2.1687454080723882,
0.489500000000001,2.2520170631359213,
0.490500000000001,2.332839567721497,
0.491500000000001,2.411284955200604,
0.492500000000001,2.487423140329867,
0.493500000000001,2.561321981562844,
0.494500000000001,2.633047341529138,
0.495500000000001,2.7026631457347228,
0.496500000000001,2.770231439535796,
0.497500000000001,2.835812443436946,
0.498500000000001,2.89946460676291,
0.499500000000001,2.9612446597517623,
0.5,2.9612446597517623,
0.500000000000001,2.9170472685143896,
0.501000000000001,2.8312523157605947,
0.502000000000001,2.7479807276424966,
0.503000000000001,2.667158288033385,
0.504000000000001,2.588712963619682,
0.505000000000001,2.5125748397009704,
0.506000000000001,2.438676057878246,
0.507000000000001,2.366950755574855,
0.508000000000001,2.297335007336217,
0.509000000000001,2.2297667678560145,
0.510000000000001,2.1641858166780734,
0.511000000000001,2.1005337045246453,
0.512000000000001,2.0387537012032633,
0.5125,2.0387537012032633,
0.512500000000001,2.0829511169037214,
0.513500000000001,2.1687461171446913,
0.514500000000001,2.2520177513532915,
0.515500000000001,2.3328402356973106,
0.516500000000001,2.4112856035301973,
0.517500000000001,2.487423769591066,
0.518500000000001,2.5613225923164804,
0.519500000000001,2.633047934319549,
0.520500000000001,2.7026637210902344,
0.521500000000001,2.770231997969196,
0.522500000000001,2.8358129854459406,
0.523500000000001,2.8994651328305667,
0.524500000000001,2.9612451703469413,
0.525,2.9612451703469413,
0.525000000000001,2.9170477714887943,
0.526000000000001,2.83125280394173,
0.527000000000001,2.7479812014654565,
0.528000000000001,2.6671587479204666,
0.529000000000001,2.5887134099807603,
0.530000000000001,2.5125752729338666,
0.531000000000001,2.438676478369081,
0.532000000000001,2.3669511636983924,
0.533000000000001,2.2973354034561986,
0.534000000000001,2.2297671523254836,
0.535000000000001,2.1641861898396897,
0.536000000000001,2.100534066710991,
0.537000000000001,2.038754052737139,
0.5375,2.038754052737139,
0.537500000000001,2.082951463190857,
0.538500000000001,2.168746453246977,
0.539500000000001,2.2520180775702796,
0.540500000000001,2.3328405523197437,
0.541500000000001,2.4112859108402662,
0.542500000000001,2.487424067862662,
0.543500000000001,2.5613228818154394,
0.544500000000001,2.6330482153038877,
0.545500000000001,2.7026639938103814,
0.546500000000001,2.7702322626682143,
0.547500000000001,2.8358132423597437,
0.548500000000001,2.89946538218813,
0.549500000000001,2.9612454123705056,
0.55,2.9612454123705056,
0.550000000000001,2.917048009900091,
0.551000000000001,2.831253035340975,
0.552000000000001,2.747981426058885,
0.553000000000001,2.667158965908248,
0.554000000000001,2.5887136215571784,
0.555000000000001,2.512575478287489,
0.556000000000001,2.43867667768293,
0.557000000000001,2.3669513571501075,
0.558000000000001,2.2973355912181943,
0.559000000000001,2.2297673345651035,
0.560000000000001,2.1641863667193557,
0.561000000000001,2.100534238388348,
0.562000000000001,2.038754219365194,
0.5625,2.038754219365194,
0.562500000000001,2.082951627331943,
0.563500000000001,2.168746612560415,
0.564500000000001,2.2520182321980586,
0.565500000000001,2.3328407023996762,
0.566500000000001,2.4112860565061114,
0.567500000000001,2.4874242092442453,
0.568500000000001,2.5613230190387677,
0.569500000000001,2.6330483484912617,
0.570500000000001,2.702664123080505,
0.571500000000001,2.7702323881363,
0.572500000000001,2.8358133641376155,
0.573500000000001,2.899465500384323,
0.574500000000001,2.9612455270903633,
0.575,2.9612455270903633,
0.575000000000001,2.917048122907723,
0.576000000000001,2.8312531450248746,
0.577000000000001,2.747981532516809,
0.578000000000001,2.667159069235077,
0.579000000000001,2.5887137218450023,
0.580000000000001,2.5125755756256907,
0.581000000000001,2.438676772158262,
0.582000000000001,2.366951448846771,
0.583000000000001,2.2973356802179143,
0.584000000000001,2.229767420947202,
0.585000000000001,2.1641864505608206,
0.586000000000001,2.100534319763903,
0.587000000000001,2.0387542983473663,
0.5875,2.0387542983473663,
0.587500000000001,2.0829517051352844,
0.588500000000001,2.168746688075438,
0.589500000000001,2.252018305492066,
0.590500000000001,2.3328407735379915,
0.591500000000001,2.4112861255521367,
0.592500000000001,2.4874242762595187,
0.593500000000001,2.5613230840830163,
0.594500000000001,2.6330484116224566,
0.595500000000001,2.702664184354912,
0.596500000000001,2.7702324476085303,
0.597500000000001,2.835813421860674,
0.598500000000001,2.8994655564096554,
0.599500000000001,2.961245581467902,
0.6,2.961245581467902,
0.600000000000001,2.917048176473662,
0.601000000000001,2.8312531970153554,
0.602000000000001,2.7479815829781677,
0.603000000000001,2.667159118212288,
0.604000000000001,2.588713769381716,
0.605000000000001,2.5125756217642747,
0.606000000000001,2.438676816939837,
0.607000000000001,2.36695149231125,
0.608000000000001,2.2973357224040347,
0.609000000000001,2.229767461892562,
0.610000000000001,2.1641864903019132,
0.611000000000001,2.1005343583361475,
0.612000000000001,2.03875433578514,
0.6125,2.03875433578514,
0.612500000000001,2.082951742014289,
0.613500000000001,2.168746723869773,
0.614500000000001,2.2520183402336333,
0.615500000000001,2.332840807257755,
0.616500000000001,2.4112861582801486,
0.617500000000001,2.487424308024948,
0.618500000000001,2.561323114914174,
0.619500000000001,2.633048441546822,
0.620500000000001,2.7026642133991547,
0.621500000000001,2.770232475798536,
0.622500000000001,2.835813449221567,
0.623500000000001,2.8994655829658216,
0.624500000000001,2.9612456072430096,
0.625,2.9612456072430096,
0.625000000000001,2.917048201864069,
0.626000000000001,2.83125322165899,
0.627000000000001,2.7479816068969933,
0.628000000000001,2.6671591414276237,
0.629000000000001,2.588713791914252,
0.630000000000001,2.5125756436340936,
0.631000000000001,2.43867683816643,
0.632000000000001,2.366951512913535,
0.633000000000001,2.2973357424003744,
0.634000000000001,2.2297674813007777,
0.635000000000001,2.1641865091393027,
0.636000000000001,2.1005343766194997,
0.637000000000001,2.0387543535307504,
0.6375,2.0387543535307504,
0.637500000000001,2.0829517594950415,
0.638500000000001,2.1687467408363887,
0.639500000000001,2.2520183567012344,
0.640500000000001,2.332840823241017,
0.641500000000001,2.4112861737933184,
0.642500000000001,2.4874243230818514,
0.643500000000001,2.5613231295282306,
0.644500000000001,2.6330484557310556,
0.645500000000001,2.702664227166208,
0.646500000000001,2.7702324891606787,
0.647500000000001,2.8358134621907083,
0.648500000000001,2.89946559555352,
0.649500000000001,2.961245619460484,
0.65,2.961245619460484,
0.650000000000001,2.917048213899194,
0.651000000000001,2.831253233340143,
0.652000000000001,2.747981618234586,
0.653000000000001,2.6671591524317586,
0.654000000000001,2.588713802594739,
0.655000000000001,2.5125756540004502,
0.656000000000001,2.438676848227896,
0.657000000000001,2.3669515226790776,
0.658000000000001,2.2973357518786965,
0.659000000000001,2.2297674905003277,
0.660000000000001,2.1641865180682798,
0.661000000000001,2.1005343852858616,
0.662000000000001,2.0387543619422206,
0.6625,2.0387543619422206,
0.662500000000001,2.082951767780968,
0.663500000000001,2.168746748878614,
0.664500000000001,2.2520183645069247,
0.665500000000001,2.3328408308171302,
0.666500000000001,2.4112861811466058,
0.667500000000001,2.4874243302188663,
0.668500000000001,2.5613231364553344,
0.669500000000001,2.6330484624544224,
0.670500000000001,2.70266423369183,
0.671500000000001,2.7702324954943713,
0.672500000000001,2.835813468338117,
0.673500000000001,2.899465601520124,
0.674500000000001,2.961245625251601,
0.675,2.961245625251601,
0.675000000000001,2.9170482196038776,
0.676000000000001,2.8312532388770437,
0.677000000000001,2.7479816236086374,
0.678000000000001,2.667159157647751,
0.679000000000001,2.5887138076573204,
0.680000000000001,2.5125756589141335,
0.681000000000001,2.43867685299706,
0.682000000000001,2.366951527307973,
0.683000000000001,2.297335756371449,
0.684000000000001,2.2297674948609414,
0.685000000000001,2.164186522300641,
0.686000000000001,2.100534389393742,
0.687000000000001,2.038754365929282,
0.6875,2.038754365929282,
0.687500000000001,2.0829517717085215,
0.688500000000001,2.168746752690651,
0.689500000000001,2.2520183682068438,
0.690500000000001,2.3328408344082288,
0.691500000000001,2.4112861846320848,
0.692500000000001,2.4874243336018322,
0.693500000000001,2.561323139738802,
0.694500000000001,2.633048465641318,
0.695500000000001,2.7026642367849942,
0.696500000000001,2.770232498496561,
0.697500000000001,2.8358134712520076,
0.698500000000001,2.899465604348312,
0.699500000000001,2.961245627996607,
0.7,2.961245627996607,
0.700000000000001,2.9170482223079137,
0.701000000000001,2.8312532415015492,
0.702000000000001,2.7479816261559527,
0.703000000000001,2.667159160120146,
0.704000000000001,2.588713810056998,
0.705000000000001,2.512575661243232,
0.706000000000001,2.4386768552576568,
0.707000000000001,2.366951529502082,
0.708000000000001,2.2973357585010254,
0.709000000000001,2.2297674969278836,
0.710000000000001,2.164186524306791,
0.711000000000001,2.1005343913408883,
0.712000000000001,2.0387543678191595,
0.7125,2.0387543678191595,
0.712500000000001,2.0829517735701923,
0.713500000000001,2.168746754497567,
0.714500000000001,2.252018369960616,
0.715500000000001,2.33284083611042,
0.716500000000001,2.4112861862842117,
0.717500000000001,2.4874243352053673,
0.718500000000001,2.561323141295175,
0.719500000000001,2.6330484671519154,
0.720500000000001,2.7026642382511623,
0.721500000000001,2.7702324999196066,
0.722500000000001,2.835813472633199,
0.723500000000001,2.8994656056888806,
0.724500000000001,2.9612456292977476,
0.725,2.9612456292977476,
0.725000000000001,2.9170482235896342,
0.726000000000001,2.8312532427455723,
0.727000000000001,2.747981627363387,
0.728000000000001,2.667159161292067,
0.729000000000001,2.588713811194452,
0.730000000000001,2.5125756623472317,
0.731000000000001,2.438676856329186,
0.732000000000001,2.366951530542096,
0.733000000000001,2.2973357595104513,
0.734000000000001,2.2297674979076203,
0.735000000000001,2.164186525257712,
0.736000000000001,2.100534392263841,
0.737000000000001,2.0387543687149674,
0.7375,2.0387543687149674,
0.737500000000001,2.08295177445263,
0.738500000000001,2.168746755354051,
0.739500000000001,2.2520183707919093,
0.740500000000001,2.332840836917263,
0.741500000000001,2.411286187067325,
0.742500000000001,2.4874243359654478,
0.743500000000001,2.5613231420329,
0.744500000000001,2.633048467867943,
0.745500000000001,2.70266423894613,
0.746500000000001,2.7702325005941346,
0.747500000000001,2.835813473287888,
0.748500000000001,2.8994656063243145,
0.749500000000001,2.9612456299144925,
0.75,2.9612456299144925,
0.750000000000001,2.9170482241971745,
0.751000000000001,2.831253243335244,
0.752000000000001,2.747981627935715,
0.753000000000001,2.6671591618475627,
0.754000000000001,2.5887138117336095,
0.755000000000001,2.512575662870532,
0.756000000000001,2.4386768568370947,
0.757000000000001,2.366951531035066,
0.758000000000001,2.297335759988923,
0.759000000000001,2.229767498372019,
0.760000000000001,2.164186525708452,
0.761000000000001,2.1005343927013245,
0.762000000000001,2.038754369139583,
0.7625,2.038754369139583,
0.762500000000001,2.0829517748709083,
0.763500000000001,2.168746755760027,
0.764500000000001,2.2520183711859443,
0.765500000000001,2.3328408372997096,
0.766500000000001,2.4112861874385225,
0.767500000000001,2.4874243363257285,
0.768500000000001,2.5613231423825837,
0.769500000000001,2.6330484682073423,
0.770500000000001,2.702664239275547,
0.771500000000001,2.770232500913863,
0.772500000000001,2.835813473598213,
0.773500000000001,2.899465606625512,
0.774500000000001,2.9612456302068315,
0.775,2.9612456302068315,
0.775000000000001,2.9170482244851494,
0.776000000000001,2.8312532436147495,
0.777000000000001,2.747981628207,
0.778000000000001,2.6671591621108686,
0.779000000000001,2.588713811989171,
0.780000000000001,2.512575663118577,
0.781000000000001,2.4386768570778448,
0.782000000000001,2.366951531268735,
0.783000000000001,2.2973357602157187,
0.784000000000001,2.229767498592145,
0.785000000000001,2.1641865259221036,
0.786000000000001,2.1005343929086924,
0.787000000000001,2.0387543693408516,
0.7875,2.0387543693408516,
0.787500000000001,2.082951775069173,
0.788500000000001,2.1687467559524602,
0.789500000000001,2.252018371372718,
0.790500000000001,2.3328408374809895,
0.791500000000001,2.411286187614471,
0.792500000000001,2.4874243364965016,
0.793500000000001,2.561323142548335,
0.794500000000001,2.6330484683682185,
0.795500000000001,2.7026642394316918,
0.796500000000001,2.770232501065415,
0.797500000000001,2.8358134737453073,
0.798500000000001,2.8994656067682802,
0.799500000000001,2.9612456303454002,
0.8,2.9612456303454002,
0.800000000000001,2.9170482246216505,
0.801000000000001,2.831253243747236,
0.802000000000001,2.7479816283355896,
0.803000000000001,2.6671591622356763,
0.804000000000001,2.5887138121103077,
0.805000000000001,2.512575663236151,
0.806000000000001,2.4386768571919606,
0.807000000000001,2.366951531379495,
0.808000000000001,2.297335760323221,
0.809000000000001,2.2297674986964853,
0.810000000000001,2.164186526023375,
0.811000000000001,2.100534393006985,
0.812000000000001,2.038754369436254,
0.8125,2.038754369436254,
0.812500000000001,2.082951775163151,
0.813500000000001,2.1687467560436744,
0.814500000000001,2.2520183714612494,
0.815500000000001,2.332840837566917,
0.816500000000001,2.4112861876978715,
0.817500000000001,2.487424336577449,
0.818500000000001,2.561323142626901,
0.819500000000001,2.6330484684444735,
0.820500000000001,2.702664239505704,
0.821500000000001,2.7702325011372504,
0.822500000000001,2.8358134738150302,
0.823500000000001,2.899465606835953,
0.824500000000001,2.961245630411083,
0.825,2.961245630411083,
0.825000000000001,2.9170482246863525,
0.826000000000001,2.8312532438100346,
0.827000000000001,2.7479816283965413,
0.828000000000001,2.6671591622948356,
0.829000000000001,2.5887138121677267,
0.830000000000001,2.5125756632918814,
0.831000000000001,2.4386768572460515,
0.832000000000001,2.366951531431995,
0.833000000000001,2.2973357603741773,
0.834000000000001,2.229767498745943,
0.835000000000001,2.164186526071378,
0.836000000000001,2.100534393053576,
0.837000000000001,2.0387543694814743,
0.8375,2.0387543694814743,
0.837500000000001,2.0829517752076967,
0.838500000000001,2.16874675608691,
0.839500000000001,2.2520183715032136,
0.840500000000001,2.332840837607647,
0.841500000000001,2.411286187737403,
0.842500000000001,2.487424336615818,
0.843500000000001,2.561323142664142,
0.844500000000001,2.6330484684806192,
0.845500000000001,2.7026642395407863,
0.846500000000001,2.7702325011713014,
0.847500000000001,2.8358134738480794,
0.848500000000001,2.89946560686803,
0.849500000000001,2.961245630442216,
0.85,2.961245630442216,
0.850000000000001,2.9170482247170213,
0.851000000000001,2.831253243839801,
0.852000000000001,2.7479816284254324,
0.853000000000001,2.6671591623228763,
0.854000000000001,2.588713812194943,
0.855000000000001,2.512575663318297,
0.856000000000001,2.4386768572716906,
0.857000000000001,2.36695153145688,
0.858000000000001,2.29733576039833,
0.859000000000001,2.229767498769385,
0.860000000000001,2.1641865260941313,
0.861000000000001,2.1005343930756597,
0.862000000000001,2.0387543695029087,
0.8625,2.0387543695029087,
0.862500000000001,2.082951775228811,
0.863500000000001,2.1687467561074034,
0.864500000000001,2.252018371523104,
0.865500000000001,2.3328408376269527,
0.866500000000001,2.4112861877561405,
0.867500000000001,2.4874243366340045,
0.868500000000001,2.5613231426817937,
0.869500000000001,2.6330484684977518,
0.870500000000001,2.702664239557415,
0.871500000000001,2.770232501187441,
0.872500000000001,2.835813473863744,
0.873500000000001,2.8994656068832336,
0.874500000000001,2.961245630456973,
0.875,2.961245630456973,
0.875000000000001,2.9170482247315577,
0.876000000000001,2.8312532438539106,
0.877000000000001,2.747981628439127,
0.878000000000001,2.667159162336169,
0.879000000000001,2.5887138122078444,
0.880000000000001,2.512575663330819,
0.881000000000001,2.438676857283844,
0.882000000000001,2.366951531468676,
0.883000000000001,2.297335760409779,
0.884000000000001,2.2297674987804976,
0.885000000000001,2.164186526104917,
0.886000000000001,2.1005343930861287,
0.887000000000001,2.0387543695130694,
0.8875,2.0387543695130694,
0.887500000000001,2.0829517752388202,
0.888500000000001,2.168746756117118,
0.889500000000001,2.2520183715325333,
0.890500000000001,2.3328408376361045,
0.891500000000001,2.411286187765023,
0.892500000000001,2.487424336642626,
0.893500000000001,2.5613231426901613,
0.894500000000001,2.6330484685058733,
0.895500000000001,2.7026642395652978,
0.896500000000001,2.7702325011950917,
0.897500000000001,2.83581347387117,
0.898500000000001,2.8994656068904407,
0.899500000000001,2.961245630463968,
0.9,2.961245630463968,
0.900000000000001,2.917048224738448,
0.901000000000001,2.831253243860598,
0.902000000000001,2.7479816284456176,
0.903000000000001,2.667159162342468,
0.904000000000001,2.588713812213959,
0.905000000000001,2.512575663336754,
0.906000000000001,2.4386768572896043,
0.907000000000001,2.3669515314742666,
0.908000000000001,2.297335760415206,
0.909000000000001,2.2297674987857645,
0.910000000000001,2.1641865261100284,
0.911000000000001,2.10053439309109,
0.912000000000001,2.038754369517885,
0.9125,2.038754369517885,
0.912500000000001,2.082951775243564,
0.913500000000001,2.168746756121722,
0.914500000000001,2.2520183715370017,
0.915500000000001,2.3328408376404415,
0.916500000000001,2.411286187769233,
0.917500000000001,2.4874243366467117,
0.918500000000001,2.561323142694127,
0.919500000000001,2.633048468509722,
0.920500000000001,2.702664239569034,
0.921500000000001,2.770232501198718,
0.922500000000001,2.8358134738746896,
0.923500000000001,2.8994656068938576,
0.924500000000001,2.961245630467284,
0.925,2.961245630467284,
0.925000000000001,2.917048224741715,
0.926000000000001,2.831253243863769,
0.927000000000001,2.7479816284486955,
0.928000000000001,2.6671591623454556,
0.929000000000001,2.5887138122168585,
0.930000000000001,2.5125756633395677,
0.931000000000001,2.4386768572923354,
0.932000000000001,2.3669515314769174,
0.933000000000001,2.2973357604177784,
0.934000000000001,2.2297674987882616,
0.935000000000001,2.164186526112452,
0.936000000000001,2.100534393093442,
0.937000000000001,2.038754369520168,
0.9375,2.038754369520168,
0.937500000000001,2.082951775245813,
0.938500000000001,2.1687467561239053,
0.939500000000001,2.2520183715391204,
0.940500000000001,2.332840837642498,
0.941500000000001,2.411286187771229,
0.942500000000001,2.4874243366486493,
0.943500000000001,2.5613231426960072,
0.944500000000001,2.6330484685115474,
0.945500000000001,2.7026642395708054,
0.946500000000001,2.770232501200437,
0.947500000000001,2.835813473876358,
0.948500000000001,2.899465606895476,
0.949500000000001,2.9612456304688552,
0.95,2.9612456304688552,
0.950000000000001,2.917048224743263,
0.951000000000001,2.8312532438652713,
0.952000000000001,2.747981628450153,
0.953000000000001,2.6671591623468704,
0.954000000000001,2.5887138122182316,
0.955000000000001,2.5125756633409004,
0.956000000000001,2.438676857293629,
0.957000000000001,2.3669515314781733,
0.958000000000001,2.297335760418997,
0.959000000000001,2.2297674987894447,
0.960000000000001,2.1641865261136,
0.961000000000001,2.1005343930945566,
0.962000000000001,2.03875436952125,
0.9625,2.03875436952125,
0.962500000000001,2.0829517752468782,
0.963500000000001,2.168746756124939,
0.964500000000001,2.2520183715401245,
0.965500000000001,2.3328408376434724,
0.966500000000001,2.4112861877721747,
0.967500000000001,2.487424336649567,
0.968500000000001,2.561323142696898,
0.969500000000001,2.633048468512412,
0.970500000000001,2.7026642395716447,
0.971500000000001,2.7702325012012516,
0.972500000000001,2.8358134738771494,
0.973500000000001,2.899465606896244,
0.974500000000001,2.961245630469601,
0.975,2.961245630469601,
0.975000000000001,2.917048224743997,
0.976000000000001,2.8312532438659836,
0.977000000000001,2.7479816284508445,
0.978000000000001,2.6671591623475415,
0.979000000000001,2.5887138122188826,
0.980000000000001,2.5125756633415324,
0.981000000000001,2.4386768572942423,
0.982000000000001,2.3669515314787684,
0.983000000000001,2.2973357604195748,
0.984000000000001,2.229767498790005,
0.985000000000001,2.164186526114144,
0.986000000000001,2.1005343930950846,
0.987000000000001,2.038754369521762,
0.9875,2.038754369521762,
0.987500000000001,2.082951775247383,
0.988500000000001,2.1687467561254294,
0.989500000000001,2.2520183715406,
0.990500000000001,2.332840837643934,
0.991500000000001,2.411286187772623,
0.992500000000001,2.487424336650002,
0.993500000000001,2.56132314269732,
0.994500000000001,2.6330484685128215,
0.995500000000001,2.7026642395720417,
0.996500000000001,2.770232501201637,
0.997500000000001,2.835813473877523,
0.998500000000001,2.8994656068966074,
0.999500000000001,2.961245630469953,
1,2.961245630469953,
1.000000000000001,2.9170482247443434,
1.001000000000001,2.8312532438663203,
1.002000000000001,2.7479816284511713,
1.003000000000001,2.667159162347859,
1.004000000000001,2.588713812219191,
1.005000000000001,2.5125756633418317,
1.006000000000001,2.4386768572945328,
1.007000000000001,2.3669515314790504,
1.008000000000001,2.2973357604198483,
1.009000000000001,2.2297674987902707,
1.010000000000001,2.164186526114402,
1.011000000000001,2.100534393095335,
1.012000000000001,2.0387543695220054,
1.0125,2.0387543695220054,
1.012500000000001,2.0829517752476225,
1.013500000000001,2.1687467561256617,
1.014500000000001,2.2520183715408253,
1.015500000000001,2.3328408376441523,
1.016500000000001,2.4112861877728347,
1.017500000000001,2.4874243366502076,
1.018500000000001,2.56132314269752,
1.019500000000001,2.6330484685130155,
1.020500000000001,2.70266423957223,
1.021500000000001,2.7702325012018196,
1.022500000000001,2.8358134738777,
1.023500000000001,2.8994656068967792,
1.024500000000001,2.96124563047012,
1.025,2.96124563047012,
1.025000000000001,2.9170482247445086,
1.026000000000001,2.83125324386648,
1.027000000000001,2.7479816284513268,
1.028000000000001,2.6671591623480095,
1.029000000000001,2.588713812219337,
1.030000000000001,2.5125756633419734,
1.031000000000001,2.4386768572946704,
1.032000000000001,2.3669515314791836,
1.033000000000001,2.297335760419978,
1.034000000000001,2.229767498790397,
1.035000000000001,2.1641865261145243,
1.036000000000001,2.100534393095453,
1.037000000000001,2.03875436952212,
1.0375,2.03875436952212,
1.037500000000001,2.0829517752477353,
1.038500000000001,2.168746756125771,
1.039500000000001,2.2520183715409314,
1.040500000000001,2.3328408376442558,
1.041500000000001,2.411286187772935,
1.042500000000001,2.487424336650305,
1.043500000000001,2.5613231426976144,
1.044500000000001,2.633048468513107,
1.045500000000001,2.702664239572319,
1.046500000000001,2.7702325012019062,
1.047500000000001,2.835813473877784,
1.048500000000001,2.8994656068968605,
1.049500000000001,2.9612456304701995,
1.05,2.9612456304701995,
1.050000000000001,2.917048224744587,
1.051000000000001,2.831253243866556,
1.052000000000001,2.7479816284514005,
1.053000000000001,2.667159162348081,
1.054000000000001,2.588713812219406,
1.055000000000001,2.512575663342041,
1.056000000000001,2.4386768572947357,
1.057000000000001,2.366951531479247,
1.058000000000001,2.2973357604200397,
1.059000000000001,2.2297674987904568,
1.060000000000001,2.164186526114583,
1.061000000000001,2.10053439309551,
1.062000000000001,2.0387543695221755,
1.0625,2.0387543695221755,
1.062500000000001,2.08295177524779,
1.063500000000001,2.1687467561258242,
1.064500000000001,2.2520183715409834,
1.065500000000001,2.332840837644306,
1.066500000000001,2.411286187772984,
1.067500000000001,2.4874243366503523,
1.068500000000001,2.5613231426976606,
1.069500000000001,2.633048468513152,
1.070500000000001,2.7026642395723623,
1.071500000000001,2.7702325012019484,
1.072500000000001,2.8358134738778245,
1.073500000000001,2.8994656068968996,
1.074500000000001,2.9612456304702373,
1.075,2.9612456304702373,
1.075000000000001,2.917048224744623,
1.076000000000001,2.8312532438665916,
1.077000000000001,2.747981628451435,
1.078000000000001,2.667159162348115,
1.079000000000001,2.588713812219439,
1.080000000000001,2.512575663342073,
1.081000000000001,2.438676857294767,
1.082000000000001,2.3669515314792773,
1.083000000000001,2.297335760420069,
1.084000000000001,2.2297674987904847,
1.085000000000001,2.1641865261146105,
1.086000000000001,2.1005343930955367,
1.087000000000001,2.0387543695222012,
1.0875,2.0387543695222012,
1.087500000000001,2.0829517752478153,
1.088500000000001,2.168746756125849,
1.089500000000001,2.2520183715410074,
1.090500000000001,2.332840837644329,
1.091500000000001,2.411286187773006,
1.092500000000001,2.4874243366503745,
1.093500000000001,2.561323142697682,
1.094500000000001,2.6330484685131728,
1.095500000000001,2.7026642395723823,
1.096500000000001,2.770232501201968,
1.097500000000001,2.835813473877844,
1.098500000000001,2.8994656068969187,
1.099500000000001,2.9612456304702555,
1.1,2.9612456304702555,
1.100000000000001,2.9170482247446414,
1.101000000000001,2.8312532438666094,
1.102000000000001,2.7479816284514524,
1.103000000000001,2.6671591623481317,
1.104000000000001,2.5887138122194555,
1.105000000000001,2.512575663342089,
1.106000000000001,2.4386768572947823,
1.107000000000001,2.366951531479292,
1.108000000000001,2.2973357604200833,
1.109000000000001,2.229767498790499,
1.110000000000001,2.164186526114624,
1.111000000000001,2.1005343930955496,
1.112000000000001,2.0387543695222137,
1.1125,2.0387543695222137,
1.112500000000001,2.0829517752478277,
1.113500000000001,2.1687467561258607,
1.114500000000001,2.2520183715410185,
1.115500000000001,2.33284083764434,
1.116500000000001,2.411286187773017,
1.117500000000001,2.4874243366503848,
1.118500000000001,2.5613231426976917,
1.119500000000001,2.6330484685131825,
1.120500000000001,2.7026642395723925,
1.121500000000001,2.7702325012019777,
1.122500000000001,2.8358134738778533,
1.123500000000001,2.8994656068969276,
1.124500000000001,2.961245630470264,
1.125,2.961245630470264,
1.125000000000001,2.91704822474465,
1.126000000000001,2.831253243866618,
1.127000000000001,2.747981628451461,
1.128000000000001,2.6671591623481397,
1.129000000000001,2.5887138122194635,
1.130000000000001,2.5125756633420964,
1.131000000000001,2.43867685729479,
1.132000000000001,2.3669515314793,
1.133000000000001,2.297335760420091,
1.134000000000001,2.2297674987905056,
1.135000000000001,2.1641865261146305,
1.136000000000001,2.1005343930955562,
1.137000000000001,2.03875436952222,
1.1375,2.03875436952222,
1.137500000000001,2.082951775247834,
1.138500000000001,2.168746756125867,
1.139500000000001,2.2520183715410247,
1.140500000000001,2.3328408376443464,
1.141500000000001,2.411286187773023,
1.142500000000001,2.4874243366503905,
1.143500000000001,2.5613231426976975,
1.144500000000001,2.633048468513188,
1.145500000000001,2.7026642395723974,
1.146500000000001,2.770232501201982,
1.147500000000001,2.835813473877858,
1.148500000000001,2.8994656068969324,
1.149500000000001,2.961245630470269,
1.15,2.961245630470269,
1.150000000000001,2.9170482247446547,
1.151000000000001,2.8312532438666222,
1.152000000000001,2.747981628451465,
1.153000000000001,2.667159162348144,
1.154000000000001,2.5887138122194675,
1.155000000000001,2.5125756633421004,
1.156000000000001,2.4386768572947934,
1.157000000000001,2.3669515314793035,
1.158000000000001,2.297335760420094,
1.159000000000001,2.229767498790509,
1.160000000000001,2.1641865261146336,
1.161000000000001,2.1005343930955593,
1.162000000000001,2.0387543695222234,
1.1625,2.0387543695222234,
1.162500000000001,2.0829517752478375,
1.163500000000001,2.1687467561258704,
1.164500000000001,2.252018371541028,
1.165500000000001,2.3328408376443495,
1.166500000000001,2.411286187773026,
1.167500000000001,2.487424336650393,
1.168500000000001,2.5613231426977,
1.169500000000001,2.63304846851319,
1.170500000000001,2.7026642395723997,
1.171500000000001,2.770232501201985,
1.172500000000001,2.83581347387786,
1.173500000000001,2.8994656068969347,
1.174500000000001,2.961245630470271,
1.175,2.961245630470271,
1.175000000000001,2.9170482247446574,
1.176000000000001,2.8312532438666245,
1.177000000000001,2.7479816284514667,
1.178000000000001,2.667159162348146,
1.179000000000001,2.5887138122194693,
1.180000000000001,2.512575663342102,
1.181000000000001,2.438676857294795,
1.182000000000001,2.366951531479305,
1.183000000000001,2.2973357604200952,
1.184000000000001,2.2297674987905105,
1.185000000000001,2.164186526114635,
1.186000000000001,2.100534393095561,
1.187000000000001,2.0387543695222248,
1.1875,2.0387543695222248,
1.187500000000001,2.0829517752478384,
1.188500000000001,2.1687467561258713,
1.189500000000001,2.2520183715410287,
1.190500000000001,2.33284083764435,
1.191500000000001,2.4112861877730265,
1.192500000000001,2.4874243366503936,
1.193500000000001,2.5613231426977006,
1.194500000000001,2.633048468513191,
1.195500000000001,2.7026642395724005,
1.196500000000001,2.7702325012019853,
1.197500000000001,2.835813473877861,
1.198500000000001,2.8994656068969356,
1.199500000000001,2.961245630470272,
1.2,2.961245630470272,
1.200000000000001,2.917048224744658,
1.201000000000001,2.831253243866625,
1.202000000000001,2.7479816284514675,
1.203000000000001,2.6671591623481463,
1.204000000000001,2.5887138122194697,
1.205000000000001,2.5125756633421026,
1.206000000000001,2.438676857294796,
1.207000000000001,2.3669515314793057,
1.208000000000001,2.297335760420096,
1.209000000000001,2.229767498790511,
1.210000000000001,2.164186526114636,
1.211000000000001,2.1005343930955616,
1.212000000000001,2.038754369522225,
1.2125,2.038754369522225,
1.212500000000001,2.0829517752478393,
1.213500000000001,2.1687467561258718,
1.214500000000001,2.252018371541029,
1.215500000000001,2.332840837644351,
1.216500000000001,2.4112861877730274,
1.217500000000001,2.4874243366503945,
1.218500000000001,2.561323142697701,
1.219500000000001,2.6330484685131914,
1.220500000000001,2.702664239572401,
1.221500000000001,2.7702325012019857,
1.222500000000001,2.8358134738778613,
1.223500000000001,2.899465606896936,
1.224500000000001,2.9612456304702723,
1.225,2.9612456304702723,
1.225000000000001,2.9170482247446587,
1.226000000000001,2.831253243866626,
1.227000000000001,2.747981628451468,
1.228000000000001,2.6671591623481468,
1.229000000000001,2.58871381221947,
1.230000000000001,2.512575663342103,
1.231000000000001,2.438676857294796,
1.232000000000001,2.3669515314793057,
1.233000000000001,2.297335760420096,
1.234000000000001,2.2297674987905114,
1.235000000000001,2.164186526114636,
1.236000000000001,2.100534393095562,
1.237000000000001,2.0387543695222257,
1.2375,2.0387543695222257,
1.237500000000001,2.0829517752478393,
1.238500000000001,2.168746756125872,
1.239500000000001,2.2520183715410296,
1.240500000000001,2.332840837644351,
1.241500000000001,2.4112861877730274,
1.242500000000001,2.4874243366503945,
1.243500000000001,2.5613231426977014,
1.244500000000001,2.633048468513192,
1.245500000000001,2.7026642395724014,
1.246500000000001,2.770232501201986,
1.247500000000001,2.8358134738778613,
1.248500000000001,2.899465606896936,
1.249500000000001,2.9612456304702723,
1.25,2.9612456304702723,
1.250000000000001,2.9170482247446587,
1.251000000000001,2.831253243866626,
1.252000000000001,2.747981628451468,
1.253000000000001,2.6671591623481468,
1.254000000000001,2.58871381221947,
1.255000000000001,2.512575663342103,
1.256000000000001,2.438676857294796,
1.257000000000001,2.3669515314793057,
1.258000000000001,2.297335760420096,
1.259000000000001,2.2297674987905114,
1.260000000000001,2.164186526114636,
1.261000000000001,2.100534393095562,
1.262000000000001,2.0387543695222257,
1.2625,2.0387543695222257,
1.262500000000001,2.0829517752478393,
1.263500000000001,2.168746756125872,
1.264500000000001,2.2520183715410296,
1.265500000000001,2.332840837644351,
1.266500000000001,2.4112861877730274,
1.267500000000001,2.4874243366503945,
1.268500000000001,2.5613231426977014,
1.269500000000001,2.633048468513192,
1.270500000000001,2.7026642395724014,
1.271500000000001,2.770232501201986,
1.272500000000001,2.8358134738778613,
1.273500000000001,2.899465606896936,
1.274500000000001,2.9612456304702723,
1.275,2.9612456304702723,
1.275000000000001,2.9170482247446587,
1.276000000000001,2.831253243866626,
1.277000000000001,2.747981628451468,
1.278000000000001,2.6671591623481468,
1.279000000000001,2.58871381221947,
1.280000000000001,2.512575663342103,
1.281000000000001,2.438676857294796,
1.282000000000001,2.3669515314793057,
1.283000000000001,2.297335760420096,
1.284000000000001,2.2297674987905114,
1.285000000000001,2.164186526114636,
1.286000000000001,2.100534393095562,
1.287000000000001,2.0387543695222257,
1.2875,2.0387543695222257,
1.287500000000001,2.0829517752478393,
1.288500000000001,2.168746756125872,
1.289500000000001,2.2520183715410296,
1.290500000000001,2.332840837644351,
1.291500000000001,2.4112861877730274,
1.292500000000001,2.4874243366503945,
1.293500000000001,2.5613231426977014,
1.294500000000001,2.633048468513192,
1.295500000000001,2.7026642395724014,
1.296500000000001,2.770232501201986,
1.297500000000001,2.8358134738778613,
1.298500000000001,2.899465606896936,
1.299500000000001,2.9612456304702723,
1.3,2.9612456304702723,
1.300000000000001,2.9170482247446587,
1.301000000000001,2.831253243866626,
1.302000000000001,2.747981628451468,
1.303000000000001,2.6671591623481468,
1.304000000000001,2.58871381221947,
1.305000000000001,2.512575663342103,
1.306000000000001,2.438676857294796,
1.307000000000001,2.3669515314793057,
1.308000000000001,2.297335760420096,
1.309000000000001,2.2297674987905114,
1.310000000000001,2.164186526114636,
1.311000000000001,2.100534393095562,
1.312000000000001,2.0387543695222257,
1.3125,2.0387543695222257,
1.312500000000001,2.0829517752478393,
1.313500000000001,2.168746756125872,
1.314500000000001,2.2520183715410296,
1.315500000000001,2.332840837644351,
1.316500000000001,2.4112861877730274,
1.317500000000001,2.4874243366503945,
1.318500000000001,2.5613231426977014,
1.319500000000001,2.633048468513192,
1.320500000000001,2.7026642395724014,
1.321500000000001,2.770232501201986,
1.322500000000001,2.8358134738778613,
1.323500000000001,2.899465606896936,
1.324500000000001,2.9612456304702723,
1.325,2.9612456304702723,
1.325000000000001,2.9170482247446587,
1.326000000000001,2.831253243866626,
1.327000000000001,2.747981628451468,
1.328000000000001,2.6671591623481468,
1.329000000000001,2.58871381221947,
1.330000000000001,2.512575663342103,
1.331000000000001,2.438676857294796,
1.332000000000001,2.3669515314793057,
1.333000000000001,2.297335760420096,
1.334000000000001,2.2297674987905114,
1.335000000000001,2.164186526114636,
1.336000000000001,2.100534393095562,
1.337000000000001,2.0387543695222257,
1.3375,2.0387543695222257,
1.337500000000001,2.0829517752478393,
1.338500000000001,2.168746756125872,
1.339500000000001,2.2520183715410296,
1.340500000000001,2.332840837644351,
1.341500000000001,2.4112861877730274,
1.342500000000001,2.4874243366503945,
1.343500000000001,2.5613231426977014,
1.344500000000001,2.633048468513192,
1.345500000000001,2.7026642395724014,
1.346500000000001,2.770232501201986,
1.347500000000001,2.8358134738778613,
1.348500000000001,2.899465606896936,
1.349500000000001,2.9612456304702723,
1.35,2.9612456304702723,
1.350000000000001,2.9170482247446587,
1.351000000000001,2.831253243866626,
1.352000000000001,2.747981628451468,
1.353000000000001,2.6671591623481468,
1.354000000000001,2.58871381221947,
1.355000000000001,2.512575663342103,
1.356000000000001,2.438676857294796,
1.357000000000001,2.3669515314793057,
1.358000000000001,2.297335760420096,
1.359000000000001,2.2297674987905114,
1.360000000000001,2.164186526114636,
1.361000000000001,2.100534393095562,
1.362000000000001,2.0387543695222257,
1.3625,2.0387543695222257,
1.362500000000001,2.0829517752478393,
1.363500000000001,2.168746756125872,
1.364500000000001,2.2520183715410296,
1.365500000000001,2.332840837644351,
1.366500000000001,2.4112861877730274,
1.367500000000001,2.4874243366503945,
1.368500000000001,2.5613231426977014,
1.369500000000001,2.633048468513192,
1.370500000000001,2.7026642395724014,
1.371500000000001,2.770232501201986,
1.372500000000001,2.8358134738778613,
1.373500000000001,2.899465606896936,
1.374500000000001,2.9612456304702723,
1.375,2.9612456304702723,
1.375000000000001,2.9170482247446587,
1.376000000000001,2.831253243866626,
1.377000000000001,2.747981628451468,
1.378000000000001,2.6671591623481468,
1.379000000000001,2.58871381221947,
1.380000000000001,2.512575663342103,
1.381000000000001,2.438676857294796,
1.382000000000001,2.3669515314793057,
1.383000000000001,2.297335760420096,
1.384000000000001,2.2297674987905114,
1.385000000000001,2.164186526114636,
1.386000000000001,2.100534393095562,
1.387000000000001,2.0387543695222257,
1.3875,2.0387543695222257,
1.387500000000001,2.0829517752478393,
1.388500000000001,2.168746756125872,
1.389500000000001,2.2520183715410296,
1.390500000000001,2.332840837644351,
1.391500000000001,2.4112861877730274,
1.392500000000001,2.4874243366503945,
1.393500000000001,2.5613231426977014,
1.394500000000001,2.633048468513192,
1.395500000000001,2.7026642395724014,
1.396500000000001,2.770232501201986,
1.397500000000001,2.8358134738778613,
1.398500000000001,2.899465606896936,
1.399500000000001,2.9612456304702723,
1.4,2.9612456304702723,
1.400000000000001,2.9170482247446587,
1.401000000000001,2.831253243866626,
1.402000000000001,2.747981628451468,
1.403000000000001,2.6671591623481468,
1.404000000000001,2.58871381221947,
1.405000000000001,2.512575663342103,
1.406000000000001,2.438676857294796,
1.407000000000001,2.3669515314793057,
1.408000000000001,2.297335760420096,
1.409000000000001,2.2297674987905114,
1.410000000000001,2.164186526114636,
1.411000000000001,2.100534393095562,
1.412000000000001,2.0387543695222257,
1.4125,2.0387543695222257,
1.412500000000001,2.0829517752478393,
1.413500000000001,2.168746756125872,
1.414500000000001,2.2520183715410296,
1.415500000000001,2.332840837644351,
1.416500000000001,2.4112861877730274,
1.417500000000001,2.4874243366503945,
1.418500000000001,2.5613231426977014,
1.419500000000001,2.633048468513192,
1.420500000000001,2.7026642395724014,
1.421500000000001,2.770232501201986,
1.422500000000001,2.8358134738778613,
1.423500000000001,2.899465606896936,
1.424500000000001,2.9612456304702723,
1.425,2.9612456304702723,
1.425000000000001,2.9170482247446587,
1.426000000000001,2.831253243866626,
1.427000000000001,2.747981628451468,
1.428000000000001,2.6671591623481468,
1.429000000000001,2.58871381221947,
1.430000000000001,2.512575663342103,
1.431000000000001,2.438676857294796,
1.432000000000001,2.3669515314793057,
1.433000000000001,2.297335760420096,
1.434000000000001,2.2297674987905114,
1.435000000000001,2.164186526114636,
1.436000000000001,2.100534393095562,
1.437000000000001,2.0387543695222257,
1.4375,2.0387543695222257,
1.437500000000001,2.0829517752478393,
1.438500000000001,2.168746756125872,
1.439500000000001,2.2520183715410296,
1.440500000000001,2.332840837644351,
1.441500000000001,2.4112861877730274,
1.442500000000001,2.4874243366503945,
1.443500000000001,2.5613231426977014,
1.444500000000001,2.633048468513192,
1.445500000000001,2.7026642395724014,
1.446500000000001,2.770232501201986,
1.447500000000001,2.8358134738778613,
1.448500000000001,2.899465606896936,
1.449500000000001,2.9612456304702723,
1.45,2.9612456304702723,
1.450000000000001,2.9170482247446587,
1.451000000000001,2.831253243866626,
1.452000000000001,2.747981628451468,
1.453000000000001,2.6671591623481468,
1.454000000000001,2.58871381221947,
1.455000000000001,2.512575663342103,
1.456000000000001,2.438676857294796,
1.457000000000001,2.3669515314793057,
1.458000000000001,2.297335760420096,
1.459000000000001,2.2297674987905114,
1.460000000000001,2.164186526114636,
1.461000000000001,2.100534393095562,
1.462000000000001,2.0387543695222257,
1.4625,2.0387543695222257,
1.462500000000001,2.0829517752478393,
1.463500000000001,2.168746756125872,
1.464500000000001,2.2520183715410296,
1.465500000000001,2.332840837644351,
1.466500000000001,2.4112861877730274,
1.467500000000001,2.4874243366503945,
1.468500000000001,2.5613231426977014,
1.469500000000001,2.633048468513192,
1.470500000000001,2.7026642395724014,
1.471500000000001,2.770232501201986,
1.472500000000001,2.8358134738778613,
1.473500000000001,2.899465606896936,
1.474500000000001,2.9612456304702723,
1.475,2.9612456304702723,
1.475000000000001,2.9170482247446587,
1.476000000000001,2.831253243866626,
1.477000000000001,2.747981628451468,
1.478000000000001,2.6671591623481468,
1.479000000000001,2.58871381221947,
1.480000000000001,2.512575663342103,
1.481000000000001,2.438676857294796,
1.482000000000001,2.3669515314793057,
1.483000000000001,2.297335760420096,
1.484000000000001,2.2297674987905114,
1.485000000000001,2.164186526114636,
1.486000000000001,2.100534393095562,
1.487000000000001,2.0387543695222257,
1.4875,2.0387543695222257,
1.487500000000001,2.0829517752478393,
1.488500000000001,2.168746756125872,
1.489500000000001,2.2520183715410296,
1.490500000000001,2.332840837644351,
1.491500000000001,2.4112861877730274,
1.492500000000001,2.4874243366503945,
1.493500000000001,2.5613231426977014,
1.494500000000001,2.633048468513192,
1.495500000000001,2.7026642395724014,
1.496500000000001,2.770232501201986,
1.497500000000001,2.8358134738778613,
1.498500000000001,2.899465606896936,
1.499500000000001,2.9612456304702723,
1.5,2.9612456304702723,
1.500000000000001,2.9170482247446587,
1.501000000000001,2.831253243866626,
1.502000000000001,2.747981628451468,
1.503000000000001,2.6671591623481468,
1.504000000000001,2.58871381221947,
1.505000000000001,2.512575663342103,
1.506000000000001,2.438676857294796,
1.507000000000001,2.3669515314793057,
1.508000000000001,2.297335760420096,
1.509000000000001,2.2297674987905114,
1.510000000000001,2.164186526114636,
1.511000000000001,2.100534393095562,
1.512000000000001,2.0387543695222257,
1.5125,2.0387543695222257,
1.512500000000001,2.0829517752478393,
1.513500000000001,2.168746756125872,
1.514500000000001,2.2520183715410296,
1.515500000000001,2.332840837644351,
1.516500000000001,2.4112861877730274,
1.517500000000001,2.4874243366503945,
1.518500000000001,2.5613231426977014,
1.519500000000001,2.633048468513192,
1.520500000000001,2.7026642395724014,
1.521500000000001,2.770232501201986,
1.522500000000001,2.8358134738778613,
1.523500000000001,2.899465606896936,
1.524500000000001,2.9612456304702723,
1.525,2.9612456304702723,
1.525000000000001,2.9170482247446587,
1.526000000000001,2.831253243866626,
1.527000000000001,2.747981628451468,
1.528000000000001,2.6671591623481468,
1.529000000000001,2.58871381221947,
1.530000000000001,2.512575663342103,
1.531000000000001,2.438676857294796,
1.532000000000001,2.3669515314793057,
1.533000000000001,2.297335760420096,
1.534000000000001,2.2297674987905114,
1.535000000000001,2.164186526114636,
1.536000000000001,2.100534393095562,
1.537000000000001,2.0387543695222257,
1.5375,2.0387543695222257,
1.537500000000001,2.0829517752478393,
1.538500000000001,2.168746756125872,
1.539500000000001,2.2520183715410296,
1.540500000000001,2.332840837644351,
1.541500000000001,2.4112861877730274,
1.542500000000001,2.4874243366503945,
1.543500000000001,2.5613231426977014,
1.544500000000001,2.633048468513192,
1.545500000000001,2.7026642395724014,
1.546500000000001,2.770232501201986,
1.547500000000001,2.8358134738778613,
1.548500000000001,2.899465606896936,
1.549500000000001,2.9612456304702723,
1.55,2.9612456304702723,
1.550000000000001,2.9170482247446587,
1.551000000000001,2.831253243866626,
1.552000000000001,2.747981628451468,
1.553000000000001,2.6671591623481468,
1.554000000000001,2.58871381221947,
1.555000000000001,2.512575663342103,
1.556000000000001,2.438676857294796,
1.557000000000001,2.3669515314793057,
1.558000000000001,2.297335760420096,
1.559000000000001,2.2297674987905114,
1.560000000000001,2.164186526114636,
1.561000000000001,2.100534393095562,
1.562000000000001,2.0387543695222257,
1.5625,2.0387543695222257,
1.562500000000001,2.0829517752478393,
1.563500000000001,2.168746756125872,
1.564500000000001,2.2520183715410296,
1.565500000000001,2.332840837644351,
1.566500000000001,2.4112861877730274,
1.567500000000001,2.4874243366503945,
1.568500000000001,2.5613231426977014,
1.569500000000001,2.633048468513192,
1.570500000000001,2.7026642395724014,
1.571500000000001,2.770232501201986,
1.572500000000001,2.8358134738778613,
1.573500000000001,2.899465606896936,
1.574500000000001,2.9612456304702723,
1.575,2.9612456304702723,
1.575000000000001,2.9170482247446587,
1.576000000000001,2.831253243866626,
1.577000000000001,2.747981628451468,
1.578000000000001,2.6671591623481468,
1.579000000000001,2.58871381221947,
1.580000000000001,2.512575663342103,
1.581000000000001,2.438676857294796,
1.582000000000001,2.3669515314793057,
1.583000000000001,2.297335760420096,
1.584000000000001,2.2297674987905114,
1.585000000000001,2.164186526114636,
1.586000000000001,2.100534393095562,
1.587000000000001,2.0387543695222257,
1.5875,2.0387543695222257,
1.587500000000001,2.0829517752478393,
1.588500000000001,2.168746756125872,
1.589500000000001,2.2520183715410296,
1.590500000000001,2.332840837644351,
1.591500000000001,2.4112861877730274,
1.592500000000001,2.4874243366503945,
1.593500000000001,2.5613231426977014,
1.594500000000001,2.633048468513192,
1.595500000000001,2.7026642395724014,
1.596500000000001,2.770232501201986,
1.597500000000001,2.8358134738778613,
1.598500000000001,2.899465606896936,
1.599500000000001,2.9612456304702723,
1.6,2.9612456304702723,
1.600000000000001,2.9170482247446587,
1.601000000000001,2.831253243866626,
1.602000000000001,2.747981628451468,
1.603000000000001,2.6671591623481468,
1.604000000000001,2.58871381221947,
1.605000000000001,2.512575663342103,
1.606000000000001,2.438676857294796,
1.607000000000001,2.3669515314793057,
1.608000000000001,2.297335760420096,
1.609000000000001,2.2297674987905114,
1.610000000000001,2.164186526114636,
1.611000000000001,2.100534393095562,
1.612000000000001,2.0387543695222257,
1.6125,2.0387543695222257,
1.612500000000001,2.0829517752478393,
1.613500000000001,2.168746756125872,
1.614500000000001,2.2520183715410296,
1.615500000000001,2.332840837644351,
1.616500000000001,2.4112861877730274,
1.617500000000001,2.4874243366503945,
1.618500000000001,2.5613231426977014,
1.619500000000001,2.633048468513192,
1.620500000000001,2.7026642395724014,
1.621500000000001,2.770232501201986,
1.622500000000001,2.8358134738778613,
1.623500000000001,2.899465606896936,
1.624500000000001,2.9612456304702723,
1.625,2.9612456304702723,
1.625000000000001,2.9170482247446587,
1.626000000000001,2.831253243866626,
1.627000000000001,2.747981628451468,
1.628000000000001,2.6671591623481468,
1.629000000000001,2.58871381221947,
1.630000000000001,2.512575663342103,
1.631000000000001,2.438676857294796,
1.632000000000001,2.3669515314793057,
1.633000000000001,2.297335760420096,
1.634000000000001,2.2297674987905114,
1.635000000000001,2.164186526114636,
1.636000000000001,2.100534393095562,
1.637000000000001,2.0387543695222257,
1.6375,2.0387543695222257,
1.637500000000001,2.0829517752478393,
1.638500000000001,2.168746756125872,
1.639500000000001,2.2520183715410296,
1.640500000000001,2.332840837644351,
1.641500000000001,2.4112861877730274,
1.642500000000001,2.4874243366503945,
1.643500000000001,2.5613231426977014,
1.644500000000001,2.633048468513192,
1.645500000000001,2.7026642395724014,
1.646500000000001,2.770232501201986,
1.647500000000001,2.8358134738778613,
1.648500000000001,2.899465606896936,
1.649500000000001,2.9612456304702723,
1.65,2.9612456304702723,
1.650000000000001,2.9170482247446587,
1.651000000000001,2.831253243866626,
1.652000000000001,2.747981628451468,
1.653000000000001,2.6671591623481468,
1.654000000000001,2.58871381221947,
1.655000000000001,2.512575663342103,
1.656000000000001,2.438676857294796,
1.657000000000001,2.3669515314793057,
1.658000000000001,2.297335760420096,
1.659000000000001,2.2297674987905114,
1.660000000000001,2.164186526114636,
1.661000000000001,2.100534393095562,
1.662000000000001,2.0387543695222257,
1.6625,2.0387543695222257,
1.662500000000001,2.0829517752478393,
1.663500000000001,2.168746756125872,
1.664500000000001,2.2520183715410296,
1.665500000000001,2.332840837644351,
1.666500000000001,2.4112861877730274,
1.667500000000001,2.4874243366503945,
1.668500000000001,2.5613231426977014,
1.669500000000001,2.633048468513192,
1.670500000000001,2.7026642395724014,
1.671500000000001,2.770232501201986,
1.672500000000001,2.8358134738778613,
1.673500000000001,2.899465606896936,
1.674500000000001,2.9612456304702723,
1.675,2.9612456304702723,
1.675000000000001,2.9170482247446587,
1.676000000000001,2.831253243866626,
1.677000000000001,2.747981628451468,
1.678000000000001,2.6671591623481468,
1.679000000000001,2.58871381221947,
1.680000000000001,2.512575663342103,
1.681000000000001,2.438676857294796,
1.682000000000001,2.3669515314793057,
1.683000000000001,2.297335760420096,
1.684000000000001,2.2297674987905114,
1.685000000000001,2.164186526114636,
1.686000000000001,2.100534393095562,
1.687000000000001,2.0387543695222257,
1.6875,2.0387543695222257,
1.687500000000001,2.0829517752478393,
1.688500000000001,2.168746756125872,
1.689500000000001,2.2520183715410296,
1.690500000000001,2.332840837644351,
1.691500000000001,2.4112861877730274,
1.692500000000001,2.4874243366503945,
1.693500000000001,2.5613231426977014,
1.694500000000001,2.633048468513192,
1.695500000000001,2.7026642395724014,
1.696500000000001,2.770232501201986,
1.697500000000001,2.8358134738778613,
1.698500000000001,2.899465606896936,
1.699500000000001,2.9612456304702723,
1.7,2.9612456304702723,
1.700000000000001,2.9170482247446587,
1.701000000000001,2.831253243866626,
1.702000000000001,2.747981628451468,
1.703000000000001,2.6671591623481468,
1.704000000000001,2.58871381221947,
1.705000000000001,2.512575663342103,
1.706000000000001,2.438676857294796,
1.707000000000001,2.3669515314793057,
1.708000000000001,2.297335760420096,
1.709000000000001,2.2297674987905114,
1.710000000000001,2.164186526114636,
1.711000000000001,2.100534393095562,
1.712000000000001,2.0387543695222257,
1.7125,2.0387543695222257,
1.712500000000001,2.0829517752478393,
1.713500000000001,2.168746756125872,
1.714500000000001,2.2520183715410296,
1.715500000000001,2.332840837644351,
1.716500000000001,2.4112861877730274,
1.717500000000001,2.4874243366503945,
1.718500000000001,2.5613231426977014,
1.719500000000001,2.633048468513192,
1.720500000000001,2.7026642395724014,
1.721500000000001,2.770232501201986,
1.722500000000001,2.8358134738778613,
1.723500000000001,2.899465606896936,
1.724500000000001,2.9612456304702723,
1.725,2.9612456304702723,
1.725000000000001,2.9170482247446587,
1.726000000000001,2.831253243866626,
1.727000000000001,2.747981628451468,
1.728000000000001,2.6671591623481468,
1.729000000000001,2.58871381221947,
1.730000000000001,2.512575663342103,
1.731000000000001,2.438676857294796,
1.732000000000001,2.3669515314793057,
1.733000000000001,2.297335760420096,
1.734000000000001,2.2297674987905114,
1.735000000000001,2.164186526114636,
1.736000000000001,2.100534393095562,
1.737000000000001,2.0387543695222257,
1.7375,2.0387543695222257,
1.737500000000001,2.0829517752478393,
1.738500000000001,2.168746756125872,
1.739500000000001,2.2520183715410296,
1.740500000000001,2.332840837644351,
1.741500000000001,2.4112861877730274,
1.742500000000001,2.4874243366503945,
1.743500000000001,2.5613231426977014,
1.744500000000001,2.633048468513192,
1.745500000000001,2.7026642395724014,
1.746500000000001,2.770232501201986,
1.747500000000001,2.8358134738778613,
1.748500000000001,2.899465606896936,
1.749500000000001,2.9612456304702723,
1.75,2.9612456304702723,
1.750000000000001,2.9170482247446587,
1.751000000000001,2.831253243866626,
1.752000000000001,2.747981628451468,
1.753000000000001,2.6671591623481468,
1.754000000000001,2.58871381221947,
1.755000000000001,2.512575663342103,
1.756000000000001,2.438676857294796,
1.757000000000001,2.3669515314793057,
1.758000000000001,2.297335760420096,
1.759000000000001,2.2297674987905114,
1.760000000000001,2.164186526114636,
1.761000000000001,2.100534393095562,
1.762000000000001,2.0387543695222257,
1.7625,2.0387543695222257,
1.762500000000001,2.0829517752478393,
1.763500000000001,2.168746756125872,
1.764500000000001,2.2520183715410296,
1.765500000000001,2.332840837644351,
1.766500000000001,2.4112861877730274,
1.767500000000001,2.4874243366503945,
1.768500000000001,2.5613231426977014,
1.769500000000001,2.633048468513192,
1.770500000000001,2.7026642395724014,
1.771500000000001,2.770232501201986,
1.772500000000001,2.8358134738778613,
1.773500000000001,2.899465606896936,
1.774500000000001,2.9612456304702723,
1.775,2.9612456304702723,
1.775000000000001,2.9170482247446587,
1.776000000000001,2.831253243866626,
1.777000000000001,2.747981628451468,
1.778000000000001,2.6671591623481468,
1.779000000000001,2.58871381221947,
1.780000000000001,2.512575663342103,
1.781000000000001,2.438676857294796,
1.782000000000001,2.3669515314793057,
1.783000000000001,2.297335760420096,
1.784000000000001,2.2297674987905114,
1.785000000000001,2.164186526114636,
1.786000000000001,2.100534393095562,
1.787000000000001,2.0387543695222257,
1.7875,2.0387543695222257,
1.787500000000001,2.0829517752478393,
1.788500000000001,2.168746756125872,
1.789500000000001,2.2520183715410296,
1.790500000000001,2.332840837644351,
1.791500000000001,2.4112861877730274,
1.792500000000001,2.4874243366503945,
1.793500000000001,2.5613231426977014,
1.794500000000001,2.633048468513192,
1.795500000000001,2.7026642395724014,
1.796500000000001,2.770232501201986,
1.797500000000001,2.8358134738778613,
1.798500000000001,2.899465606896936,
1.799500000000001,2.9612456304702723,
1.8,2.9612456304702723,
1.800000000000001,2.9170482247446587,
1.801000000000001,2.831253243866626,
1.802000000000001,2.747981628451468,
1.803000000000001,2.6671591623481468,
1.804000000000001,2.58871381221947,
1.805000000000001,2.512575663342103,
1.806000000000001,2.438676857294796,
1.807000000000001,2.3669515314793057,
1.808000000000001,2.297335760420096,
1.809000000000001,2.2297674987905114,
1.810000000000001,2.164186526114636,
1.811000000000001,2.100534393095562,
1.812000000000001,2.0387543695222257,
1.8125,2.0387543695222257,
1.812500000000001,2.0829517752478393,
1.813500000000001,2.168746756125872,
1.814500000000001,2.2520183715410296,
1.815500000000001,2.332840837644351,
1.816500000000001,2.4112861877730274,
1.817500000000001,2.4874243366503945,
1.818500000000001,2.5613231426977014,
1.819500000000001,2.633048468513192,
1.820500000000001,2.7026642395724014,
1.821500000000001,2.770232501201986,
1.822500000000001,2.8358134738778613,
1.823500000000001,2.899465606896936,
1.824500000000001,2.9612456304702723,
1.825,2.9612456304702723,
1.825000000000001,2.9170482247446587,
1.826000000000001,2.831253243866626,
1.827000000000001,2.747981628451468,
1.828000000000001,2.6671591623481468,
1.829000000000001,2.58871381221947,
1.830000000000001,2.512575663342103,
1.831000000000001,2.438676857294796,
1.832000000000001,2.3669515314793057,
1.833000000000001,2.297335760420096,
1.834000000000001,2.2297674987905114,
1.835000000000001,2.164186526114636,
1.836000000000001,2.100534393095562,
1.837000000000001,2.0387543695222257,
1.8375,2.0387543695222257,
1.837500000000001,2.0829517752478393,
1.838500000000001,2.168746756125872,
1.839500000000001,2.2520183715410296,
1.840500000000001,2.332840837644351,
1.841500000000001,2.4112861877730274,
1.842500000000001,2.4874243366503945,
1.843500000000001,2.5613231426977014,
1.844500000000001,2.633048468513192,
1.845500000000001,2.7026642395724014,
1.846500000000001,2.770232501201986,
1.847500000000001,2.8358134738778613,
1.848500000000001,2.899465606896936,
1.849500000000001,2.9612456304702723,
1.85,2.9612456304702723,
1.850000000000001,2.9170482247446587,
1.851000000000001,2.831253243866626,
1.852000000000001,2.747981628451468,
1.853000000000001,2.6671591623481468,
1.854000000000001,2.58871381221947,
1.855000000000001,2.512575663342103,
1.856000000000001,2.438676857294796,
1.857000000000001,2.3669515314793057,
1.858000000000001,2.297335760420096,
1.859000000000001,2.2297674987905114,
1.860000000000001,2.164186526114636,
1.861000000000001,2.100534393095562,
1.862000000000001,2.0387543695222257,
1.8625,2.0387543695222257,
1.862500000000001,2.0829517752478393,
1.863500000000001,2.168746756125872,
1.864500000000001,2.2520183715410296,
1.865500000000001,2.332840837644351,
1.866500000000001,2.4112861877730274,
1.867500000000001,2.4874243366503945,
1.868500000000001,2.5613231426977014,
1.869500000000001,2.633048468513192,
1.870500000000001,2.7026642395724014,
1.871500000000001,2.770232501201986,
1.872500000000001,2.8358134738778613,
1.873500000000001,2.899465606896936,
1.874500000000001,2.9612456304702723,
1.875,2.9612456304702723,
1.875000000000001,2.9170482247446587,
1.876000000000001,2.831253243866626,
1.877000000000001,2.747981628451468,
1.878000000000001,2.6671591623481468,
1.879000000000001,2.58871381221947,
1.880000000000001,2.512575663342103,
1.881000000000001,2.438676857294796,
1.882000000000001,2.3669515314793057,
1.883000000000001,2.297335760420096,
1.884000000000001,2.2297674987905114,
1.885000000000001,2.164186526114636,
1.886000000000001,2.100534393095562,
1.887000000000001,2.0387543695222257,
1.8875,2.0387543695222257,
1.887500000000001,2.0829517752478393,
1.888500000000001,2.168746756125872,
1.889500000000001,2.2520183715410296,
1.890500000000001,2.332840837644351,
1.891500000000001,2.4112861877730274,
1.892500000000001,2.4874243366503945,
1.893500000000001,2.5613231426977014,
1.894500000000001,2.633048468513192,
1.895500000000001,2.7026642395724014,
1.896500000000001,2.770232501201986,
1.897500000000001,2.8358134738778613,
1.898500000000001,2.899465606896936,
1.899500000000001,2.9612456304702723,
1.9,2.9612456304702723,
1.900000000000001,2.9170482247446587,
1.901000000000001,2.831253243866626,
1.902000000000001,2.747981628451468,
1.903000000000001,2.6671591623481468,
1.904000000000001,2.58871381221947,
1.905000000000001,2.512575663342103,
1.906000000000001,2.438676857294796,
1.907000000000001,2.3669515314793057,
1.908000000000001,2.297335760420096,
1.909000000000001,2.2297674987905114,
1.910000000000001,2.164186526114636,
1.911000000000001,2.100534393095562,
1.912000000000001,2.0387543695222257,
1.9125,2.0387543695222257,
1.912500000000001,2.0829517752478393,
1.913500000000001,2.168746756125872,
1.914500000000001,2.2520183715410296,
1.915500000000001,2.332840837644351,
1.916500000000001,2.4112861877730274,
1.917500000000001,2.4874243366503945,
1.918500000000001,2.5613231426977014,
1.919500000000001,2.633048468513192,
1.920500000000001,2.7026642395724014,
1.921500000000001,2.770232501201986,
1.922500000000001,2.8358134738778613,
1.923500000000001,2.899465606896936,
1.924500000000001,2.9612456304702723,
1.925,2.9612456304702723,
1.925000000000001,2.9170482247446587,
1.926000000000001,2.831253243866626,
1.927000000000001,2.747981628451468,
1.928000000000001,2.6671591623481468,
1.929000000000001,2.58871381221947,
1.930000000000001,2.512575663342103,
1.931000000000001,2.438676857294796,
1.932000000000001,2.3669515314793057,
1.933000000000001,2.297335760420096,
1.934000000000001,2.2297674987905114,
1.935000000000001,2.164186526114636,
1.936000000000001,2.100534393095562,
1.937000000000001,2.0387543695222257,
1.9375,2.0387543695222257,
1.937500000000001,2.0829517752478393,
1.938500000000001,2.168746756125872,
1.939500000000001,2.2520183715410296,
1.940500000000001,2.332840837644351,
1.941500000000001,2.4112861877730274,
1.942500000000001,2.4874243366503945,
1.943500000000001,2.5613231426977014,
1.944500000000001,2.633048468513192,
1.945500000000001,2.7026642395724014,
1.946500000000001,2.770232501201986,
1.947500000000001,2.8358134738778613,
1.948500000000001,2.899465606896936,
1.949500000000001,2.9612456304702723,
1.95,2.9612456304702723,
1.950000000000001,2.9170482247446587,
1.951000000000001,2.831253243866626,
1.952000000000001,2.747981628451468,
1.953000000000001,2.6671591623481468,
1.954000000000001,2.58871381221947,
1.955000000000001,2.512575663342103,
1.956000000000001,2.438676857294796,
1.957000000000001,2.3669515314793057,
1.958000000000001,2.297335760420096,
1.959000000000001,2.2297674987905114,
1.960000000000001,2.164186526114636,
1.961000000000001,2.100534393095562,
1.962000000000001,2.0387543695222257,
1.9625,2.0387543695222257,
1.962500000000001,2.0829517752478393,
1.963500000000001,2.168746756125872,
1.964500000000001,2.2520183715410296,
1.965500000000001,2.332840837644351,
1.966500000000001,2.4112861877730274,
1.967500000000001,2.4874243366503945,
1.968500000000001,2.5613231426977014,
1.969500000000001,2.633048468513192,
1.970500000000001,2.7026642395724014,
1.971500000000001,2.770232501201986,
1.972500000000001,2.8358134738778613,
1.973500000000001,2.899465606896936,
1.974500000000001,2.9612456304702723,
1.975,2.9612456304702723,
1.975000000000001,2.9170482247446587,
1.976000000000001,2.831253243866626,
1.977000000000001,2.747981628451468,
1.978000000000001,2.6671591623481468,
1.979000000000001,2.58871381221947,
1.980000000000001,2.512575663342103,
1.981000000000001,2.438676857294796,
1.982000000000001,2.3669515314793057,
1.983000000000001,2.297335760420096,
1.984000000000001,2.2297674987905114,
1.985000000000001,2.164186526114636,
1.986000000000001,2.100534393095562,
1.987000000000001,2.0387543695222257,
1.9875,2.0387543695222257,
1.987500000000001,2.0829517752478393,
1.988500000000001,2.168746756125872,
1.989500000000001,2.2520183715410296,
1.990500000000001,2.332840837644351,
1.991500000000001,2.4112861877730274,
1.992500000000001,2.4874243366503945,
1.993500000000001,2.5613231426977014,
1.994500000000001,2.633048468513192,
1.995500000000001,2.7026642395724014,
1.996500000000001,2.770232501201986,
1.997500000000001,2.8358134738778613,
1.998500000000001,2.899465606896936,
1.999500000000001,2.9612456304702723,